{
  "lambda_per_day": 0.23104906018664842,
  "retention_at_6_days": 0.25,
  "half_life_days": 3.0,
  "retention_samples": {
    "0": 1.0,
    "1": 0.7937005259840998,
    "3": 0.5,
    "6": 0.25,
    "12": 0.0625,
    "30": 0.0009765625000000009
  },
  "strength_at_30_days": {
    "high_emotion_E0.95": 0.0444,
    "neutral_E0.15": 0.0003,
    "ratio": 148.6
  },
  "consolidation_note": "At 30 days, a high-salience memory retains strength S=0.044 while an equally-old neutral memory has decayed to S=0.0003 (~149x), so it survives well past the six-day window."
}